split,layer,accuracy_mean,accuracy_std,balanced_accuracy_mean,balanced_accuracy_std,log_loss_mean,log_loss_std,brier_mean,brier_std,roc_auc_mean,roc_auc_std
participant,0,0.5870676691729323,0.05632204084858757,0.49856611222911357,0.004647245090321036,0.701048110648724,0.024930410712540173,0.24559947927240203,0.005332682498106128,0.5020739003533355,0.00613254370159035
participant,1,0.7659147869674185,0.019345383955291118,0.7538238906367701,0.028230379195628905,0.5188468256078326,0.028589971321608527,0.1672493612612804,0.007489377645404403,0.8210633087612219,0.017078418944390446
participant,2,0.7911278195488721,0.016941503144739318,0.7845991820495034,0.012464650300178678,0.45156975135536986,0.029482360407208696,0.1428230283930035,0.008594329614049117,0.8680262401178636,0.01577494469754064
participant,3,0.8185463659147869,0.028176824789033012,0.8096205597665593,0.027192745916130582,0.4266486491639375,0.022233998321066477,0.1301474711594926,0.01339281096536353,0.8875273197984717,0.020713159719524542
participant,4,0.8225062656641604,0.018653083202390997,0.8166450281992104,0.017481023855022565,0.41367047009562913,0.005604570552507619,0.12596610457660679,0.008251288700906797,0.8928820620927727,0.012987772030606545
participant,5,0.8264160401002506,0.021366998847986367,0.8204570672310993,0.0223113623968863,0.41308483303499977,0.020796618959279863,0.12745631012641848,0.009821908122603763,0.8913813051258647,0.016281669763032355
participant,6,0.8171929824561402,0.01670346626121476,0.8127484408651101,0.01592177875407988,0.42161490568868587,0.03858190765514209,0.12713908044838185,0.008012213463476432,0.893873244272628,0.011432374538270122
participant,7,0.8741353383458647,0.014136982431627995,0.8684660436842739,0.010534495056419088,0.3149330377014135,0.017858703986509832,0.0936112218541478,0.006562582617192003,0.937939702718204,0.009602456453956175
participant,8,0.8816541353383458,0.006944210459560186,0.8773225815491952,0.007021022981848825,0.2963176174681692,0.017726257032990137,0.08731873602394971,0.004189498897031354,0.9449729282882748,0.008860212078573475
participant,9,0.8925814536340851,0.009738382191771705,0.8892388868155597,0.011983259244086827,0.29241963613807515,0.009095409842896522,0.08417335018183607,0.005634817890901733,0.9448553601024058,0.005559673722197774
participant,10,0.915187969924812,0.011029847110311118,0.9125886264517913,0.013051368054461209,0.2458964278994717,0.020800363343431667,0.06795110597500144,0.006051119206128732,0.9601137064011065,0.007047207409153153
participant,11,0.9259147869674186,0.013476393464934495,0.9233653456850297,0.014591672147948627,0.22294853023066877,0.03317895404625356,0.05946702314395982,0.007513109049276292,0.9676765385728666,0.008613679008276883
participant,12,0.9288220551378445,0.010572461211776662,0.9240399840887076,0.013606977045945419,0.22031606900675435,0.01584614168428807,0.05927489052942987,0.005754424661778797,0.968079406525022,0.008056331429425917
participant,13,0.930125313283208,0.01739951359153192,0.9270751993917401,0.01760631573224335,0.2081879237522853,0.017309007914529724,0.056336931003428424,0.007608202988243812,0.9715842074686467,0.0080235274550904
participant,14,0.9421052631578947,0.005043762355262703,0.9380543516828942,0.008512386675893107,0.1585990853223708,0.020353454104846812,0.04391326624281812,0.005807688663214168,0.9848419692875486,0.0071459527313281245
participant,15,0.9678696741854637,0.005616496059243066,0.9645790196721016,0.005564333158928854,0.10686354884267797,0.010589848172437542,0.027082754656933182,0.0013680703403505562,0.9924769905971969,0.004519595995871509
participant,16,0.9618045112781954,0.008398047105186728,0.9593196317376776,0.00888213070076137,0.12292492304926043,0.01276471610597972,0.0321425485603866,0.0033956302185916033,0.9901093115587137,0.005127923045810791
participant,17,0.9648120300751879,0.004906779181056164,0.9620582739475564,0.005903064216562764,0.1219056501870607,0.01301176569611108,0.031021600467690712,0.003831422430061925,0.9891195737838693,0.005796166077266784
participant,18,0.9656641604010024,0.002574265486738615,0.9648600469228009,0.003681587950015258,0.11996034420308352,0.013307086639208002,0.028629591297116196,0.0024778466178907717,0.9900896082167009,0.005486495673460961
participant,19,0.9620050125313282,0.005892656444986711,0.9610777189388029,0.005548315460032384,0.1217897269587909,0.013044392462815699,0.03071486706257496,0.0038590695033414177,0.990451566176732,0.003725072013927718
participant,20,0.9522305764411028,0.010206072631935889,0.9502564221594128,0.012635405625442492,0.14771065090238816,0.016388917912316694,0.0387626774789661,0.005633043923821329,0.9877700636560174,0.004353110217512924
participant,21,0.9478195488721803,0.009648960061121424,0.9463657883854795,0.011719940779281976,0.1604585047399433,0.034274697985787736,0.040231479868575906,0.00866081342760368,0.9857209774583083,0.007201470714072985
participant,22,0.9454636591478696,0.017465453150604018,0.9442604436942474,0.016364177297298332,0.1717668900156569,0.03793035083832011,0.04304603516398871,0.010164682056526616,0.9838791730899876,0.0058507742499991685
participant,23,0.9353383458646617,0.01462572982502903,0.9334779149336582,0.014188005473863058,0.19097877850410835,0.03743584544851129,0.04946042595571022,0.01112324130223107,0.9797682900064096,0.006983142493208404
participant,24,0.9280200501253132,0.01358178639585947,0.9255059580712584,0.015951328196573227,0.21389602888031028,0.03407622738778423,0.05708342785095729,0.010511394359792316,0.9748591799804587,0.009668186927202626
participant,25,0.9317794486215538,0.010907871684615461,0.9295689649409876,0.01281780428727816,0.2152788470242742,0.030415649002369025,0.05665260164157845,0.00839681021228559,0.9747912332328008,0.009030564423742105
participant,26,0.9345864661654135,0.014423553453572099,0.9332363363072504,0.01620995214099774,0.218252824727801,0.03789673923897476,0.056086938740334304,0.0089551952503681,0.974928508043277,0.009841989252585863
participant,27,0.9315789473684211,0.016222142113076276,0.9301485623551644,0.017468947314698367,0.22152761483208985,0.03484845624196742,0.058071355319435115,0.009154288895954243,0.9734839988461236,0.009400989352389295
participant,28,0.9181954887218045,0.01380108362081076,0.9148651859353931,0.017158187609187896,0.2406751179264063,0.025485592280472414,0.0655948827254838,0.006858418755414219,0.9687552049525534,0.010113718153810269
participant,29,0.9399498746867169,0.0063021494114489035,0.9383029187498755,0.008235884987861678,0.2033675995404986,0.02448173413396245,0.052917548553426154,0.005533350182707723,0.9789164072429228,0.007420219769494799
participant,30,0.9420050125313283,0.011316559645394667,0.940692789267169,0.013181229581351279,0.19721116439601977,0.019846886149986875,0.051546098208890834,0.0048021588591110175,0.9800976861135993,0.005836675035045544
participant,31,0.9427568922305763,0.012743319662824095,0.9415661177249106,0.014527293830261214,0.18622366949901542,0.020270212101682242,0.048822493013120506,0.004888311659896718,0.9826484711934118,0.0054022838648248505
participant,32,0.9377443609022557,0.007882992418016365,0.9355534457670878,0.010700385165153278,0.1956403900014671,0.025961331799688004,0.052470159205941926,0.005496703292885371,0.9801932241140483,0.006385665557525513
problem,0,0.5872685185185185,0.0445459031946442,0.4989691704883105,0.0027732097868286057,0.6971447646468392,0.025645679533406088,0.24522010983112558,0.007096442192840092,0.5028509218184916,0.005399182306827389
problem,1,0.7581018518518519,0.018060748303619464,0.7503324518323004,0.014462244419714191,0.5325604402071,0.03755193163987404,0.1704492341763449,0.009443413055190275,0.8166721876930344,0.01965477659512467
problem,2,0.7828703703703703,0.02370001870227828,0.7762491624876537,0.022395087126638603,0.4718909012136723,0.045351674765847005,0.14868648727078845,0.012834770713918203,0.857778412198293,0.022153619511005414
problem,3,0.8081018518518519,0.027818739089200854,0.8013496797723828,0.026720714359480823,0.44226574630365106,0.05613617952806123,0.13541236247252175,0.017880668836480918,0.8805585264067146,0.030933682199162094
problem,4,0.8150462962962962,0.030141520053549805,0.8078506397892659,0.03246199779034159,0.4278221909294454,0.05962242565147418,0.13180593379937738,0.018915230576442045,0.8855327595037567,0.031801016417298524
problem,5,0.8208333333333334,0.020335486756036546,0.8147280980376379,0.022240241153313505,0.42207572738612187,0.05467630334853583,0.13075486147180346,0.017757205847717242,0.8859471675898515,0.028221805787672787
problem,6,0.8162037037037037,0.020791496057259558,0.8122478119294876,0.022297484364210966,0.4248480138898943,0.04016616641531724,0.13037666778742513,0.015185613504294497,0.8905689255107088,0.024375231112330135
problem,7,0.8736111111111111,0.019733711442198373,0.8680761938883169,0.01878089716901958,0.31305588420550623,0.026695161226387338,0.09407878752543743,0.009453280605509333,0.9392720563474297,0.011684617143029536
problem,8,0.8840277777777779,0.017116329922036416,0.8808754421203477,0.01804022271338218,0.29896422456679966,0.028105740621813816,0.0895173202661583,0.010838718175756802,0.943914719535355,0.01123343899754112
problem,9,0.8858796296296296,0.020073595730258166,0.8826280627608613,0.019367382857504944,0.297101453157978,0.03792964515871454,0.08509538568686847,0.011744477767031906,0.9443076012096894,0.010751230632413017
problem,10,0.9106481481481481,0.01765568001222561,0.9072132851758745,0.017102732681282602,0.2388664511735498,0.0323677911471733,0.06841417774729175,0.010364548062195366,0.9622557803693892,0.009171177488936267
problem,11,0.9263888888888889,0.010814174654442673,0.9236885330378964,0.012227635082190255,0.21848039343303527,0.028118983918040692,0.05864559768022983,0.006852585855434217,0.968841116267695,0.007562569023715389
problem,12,0.9261574074074075,0.005137115977123194,0.9225691186535373,0.006436541577776669,0.21309961573994202,0.021552351597809945,0.05885469315226508,0.003979993861496543,0.9716819418718717,0.006436556031906399
problem,13,0.9222222222222223,0.011410886614690962,0.9188676781359971,0.011386399567818806,0.214315538914139,0.01640734491962242,0.058925878097564874,0.002720496857571322,0.9708897270898988,0.004328468110888299
problem,14,0.9469907407407409,0.016899733563374042,0.9444116841539495,0.018489294382521778,0.15680691014962495,0.02113920127844664,0.04303217096197803,0.007738887294921061,0.9855784588639873,0.0057439519113762876
problem,15,0.969675925925926,0.007246516593749326,0.9682579374987519,0.007658509684613673,0.1097487790719025,0.012540575666242388,0.027808912269225293,0.004604269725140267,0.9919902671271906,0.002738763318980215
problem,16,0.9625,0.007527598398846776,0.9607707707652138,0.008861139804183014,0.12557111963174988,0.007583976836607283,0.032947723530178455,0.0029485579411560104,0.9899390756368863,0.002755447106306021
problem,17,0.961111111111111,0.009942931293941916,0.9603255776450327,0.008729683793728543,0.12146453944868645,0.011920848860220348,0.031076848831362202,0.0039053414595047937,0.9906418638363224,0.004256257023495174
problem,18,0.9652777777777779,0.014104233341381889,0.9641189882375659,0.014730775076103271,0.12053939947011412,0.028185088452063117,0.029896354852741468,0.00879462050839988,0.9900211276048289,0.005402108498665011
problem,19,0.9604166666666666,0.016024973276686554,0.9588545376451872,0.016818516280190487,0.12707286116237784,0.02057789522303264,0.03241932415741291,0.007029220207254556,0.9894319467865316,0.006721919660169622
problem,20,0.9469907407407406,0.004042650276984488,0.9459787075250812,0.0044105602668259945,0.15236985236861983,0.011167465331484862,0.040079809183172305,0.003952897690852357,0.9865696932180252,0.004838786348478069
problem,21,0.9486111111111111,0.008987624378850504,0.9483758697609123,0.00871349837139758,0.15836877180993553,0.015991359258005124,0.04106522392120323,0.0036599819174525775,0.9859585922130718,0.005904921516544641
problem,22,0.9483796296296296,0.01111954733747726,0.9477735646025657,0.011185151235832488,0.17049188584704827,0.02423487194851375,0.04349044570589946,0.004867169407037062,0.984229382173341,0.005699721186135377
problem,23,0.9363425925925926,0.009002516890106449,0.9361403204044427,0.008907186921977719,0.19095118895364346,0.022301758600958805,0.049666826164120076,0.004563863838076953,0.9798169628530233,0.005578742625926195
problem,24,0.930324074074074,0.009523149273483453,0.9292441440979943,0.008018738538678962,0.21348816458235453,0.024215699633219876,0.05586871917746038,0.004322536557307512,0.9759156446550976,0.00874928301650056
problem,25,0.930787037037037,0.01161451268916861,0.9295168853527725,0.01132151413602463,0.21532819916848617,0.02492881565348286,0.05598782744071086,0.0037481027764589875,0.9750062774881704,0.007582449509629245
problem,26,0.9337962962962962,0.01480848389033515,0.9326894250646915,0.014115118802228216,0.21777476908597054,0.028715072400206505,0.055762656731983086,0.00436580279379235,0.9748229483743712,0.008427914518254831
problem,27,0.9337962962962963,0.008281733249999193,0.9323221618897778,0.007977183460686571,0.21963703835143317,0.026709587970956725,0.05715392368554062,0.004577766861299061,0.9747164374123111,0.007522065133839565
problem,28,0.9226851851851852,0.014534567199954274,0.9207498759776737,0.01429980374134434,0.2378483500155509,0.019909935241226407,0.0642515610319052,0.006148582901357685,0.9702862038938612,0.009250793893962715
problem,29,0.9402777777777779,0.00963502564271637,0.939479840662454,0.009030796082328497,0.20769052804203186,0.028248542923726208,0.0542799193741463,0.008295652360989633,0.9782060991049599,0.009904030587890073
problem,30,0.9368055555555556,0.010241584169272675,0.935361580535625,0.011081719199902315,0.20517475335851137,0.030534307199170753,0.0538082742837078,0.008502093827978318,0.9778763652106541,0.010352194536525134
problem,31,0.9398148148148149,0.006232829637887159,0.938438805422086,0.005205453176767359,0.1948254939341439,0.02470667688572979,0.05076661958178765,0.006134744592545976,0.980767696283498,0.0066485580186676965
problem,32,0.9349537037037038,0.00973186250443416,0.9328911355977823,0.007432453262540667,0.20078937051172252,0.022958245700346047,0.05378045511764105,0.006538564851133651,0.9782550429672645,0.0068169250475272935
